{"variants": {
	"":  [
		{ "model": "block/cobblestone/0", "weight":30 },
		{ "model": "block/cobblestone/1", "weight":20 },
		{ "model": "block/cobblestone/2", "weight":20 },
		{ "model": "block/cobblestone/3", "weight":20 },
		{ "model": "block/cobblestone/4", "weight":40 },
		{ "model": "block/cobblestone/5", "weight":20 },
		{ "model": "block/cobblestone/6", "weight":5 },
		{ "model": "block/cobblestone/7", "weight":20 },
		{ "model": "block/cobblestone/8", "weight":5 }

		]   
	}
}
