{ "variants": {
    "type=bottom": [
      { "model": "minecraft:block/deepslate/cobbled/slab/lower/0" },
      { "model": "minecraft:block/deepslate/cobbled/slab/lower/1" }
    ],
    "type=double": [
      { "model": "minecraft:block/deepslate/cobbled/0" },
      { "model": "minecraft:block/deepslate/cobbled/1" }
    ],
    "type=top": [
      { "model": "minecraft:block/deepslate/cobbled/slab/upper/0" },
      { "model": "minecraft:block/deepslate/cobbled/slab/upper/1" }
    ]
  }
}