{ "multipart": [
  { "apply": [
    { "model": "block/mushroom/warped/0" },
    { "model": "block/mushroom/warped/1" },
    { "model": "block/mushroom/warped/2" },
    { "model": "block/mushroom/warped/3" },
    { "model": "block/mushroom/warped/4" },
    { "model": "block/mushroom/warped/5" },
    { "model": "block/mushroom/warped/6" },
    { "model": "block/mushroom/warped/7" },
    { "model": "block/mushroom/warped/8" }
  ]},
  { "apply": [
    { "model": "block/mushroom/warped/sprouts/0" },
    { "model": "block/mushroom/warped/sprouts/1" },
    { "model": "block/mushroom/warped/sprouts/2" },
    { "model": "block/mushroom/warped/sprouts/3" },
    { "model": "block/mushroom/warped/sprouts/4" },
    { "model": "block/mushroom/warped/sprouts/5" },
    { "model": "block/mushroom/warped/sprouts/6" },
    { "model": "block/mushroom/warped/sprouts/7" },
    { "model": "block/mushroom/warped/sprouts/8" }
  ]}
]}