{ "variants": {
    "axis=y": [
      { "model": "block/warped_stem" },
      { "model": "block/warped_stem", "y": 90 },
      { "model": "block/warped_stem", "y": 180 },
      { "model": "block/warped_stem", "y": 270 }
    ],
    "axis=z": [
      { "model": "block/warped_stem_horizontal", "y": 90 },
      { "model": "block/warped_stem_horizontal", "x": 90, "y": 90 },
      { "model": "block/warped_stem_horizontal", "x": 180, "y": 90 },
      { "model": "block/warped_stem_horizontal", "x": 270, "y": 90 }
    ],
    "axis=x": [
      { "model": "block/warped_stem_horizontal" },
      { "model": "block/warped_stem_horizontal", "x": 90 },
      { "model": "block/warped_stem_horizontal", "x": 180 },
      { "model": "block/warped_stem_horizontal", "x": 270 }
    ]
  }
}